{
  "latest": {
    "runAt": "2026-04-18T13:42:22.2335271Z",
    "humanizerSha": "123aa",
    "coverlet": {
      "version": "10.0",
      "lineRate": 0.9052,
      "branchRate": 0.8342,
      "methodRate": 0.6632789395293419
    },
    "mtp": {
      "version": "18.6.2",
      "lineRate": 0.9099,
      "branchRate": 0.8568,
      "methodRate": 0.7117284125379167
    }
  },
  "packageComparisons": [
    {
      "name": "Humanizer",
      "coverletLine": 0.9052,
      "coverletBranch": 0.8342,
      "mtpLine": 0.9099,
      "mtpBranch": 0.8568
    }
  ]
}